Name,Email,Phone
John Smith,john.smith@example.com,9876543210
Emma Wilson,emma.wilson@example.com,9876543211
Michael Brown,michael.brown@example.com,9876543212
Sophia Davis,sophia.davis@example.com,9876543213
Daniel Johnson,daniel.johnson@example.com,9876543214
Olivia Taylor,olivia.taylor@example.com,9876543215
William Anderson,william.anderson@example.com,9876543216
Charlotte Thomas,charlotte.thomas@example.com,9876543217
James Martin,james.martin@example.com,9876543218
Ava White,ava.white@example.com,9876543219