Product Name,SKU,Category,Unit Price,Stock Quantity,Brand,Description,Cost Price,Reorder Level
Laptop Pro 15,LP001,Electronics,80000,20,Dell,High performance laptop with Intel i7,55000,5
24-inch Monitor,MN001,Electronics,25000,15,Samsung,Full HD IPS display monitor,16000,5
Mechanical Keyboard,KB001,Accessories,3500,50,Logitech,Tactile mechanical switches RGB,2000,10
Wireless Mouse,MS001,Accessories,1200,30,Logitech,Ergonomic wireless mouse 2.4GHz,700,10
Office Chair,CH001,Furniture,8500,10,ErgoFlex,Adjustable lumbar support chair,5500,3
Standing Desk,SD001,Furniture,15000,8,FlexiDesk,Electric height adjustable desk,9500,2
USB-C Hub 7-Port,HB001,Accessories,2200,40,Anker,7-in-1 USB-C hub with HDMI,1200,10
Webcam HD 1080p,WC001,Electronics,4500,25,Logitech,Full HD webcam with built-in mic,2800,5
Noise Cancelling Headphones,HP001,Electronics,12000,18,Sony,Over-ear ANC headphones,8000,5
Desk Lamp LED,DL001,Furniture,1800,35,Philips,Adjustable brightness LED desk lamp,1000,8
Portable SSD 1TB,SS001,Electronics,7500,22,Samsung,NVMe portable SSD USB 3.2,5000,5
Laptop Cooling Pad,CP001,Accessories,1500,28,Zebronics,5-fan cooling pad for laptops,900,10
Smart Speaker,SP001,Electronics,6000,12,Amazon,Echo 4th Gen with Alexa,4000,4
Power Strip 6-Port,PS001,Accessories,800,60,Belkin,Surge protected power strip,450,15
Monitor Stand,MS002,Furniture,2500,20,AmazonBasics,Adjustable monitor riser stand,1500,5
Graphic Tablet,GT001,Electronics,9000,10,Wacom,Digital drawing tablet A5,6000,3
Conference Microphone,CM001,Electronics,5500,14,Blue Yeti,USB condenser microphone,3500,5
Cable Organizer Kit,CO001,Accessories,600,80,Ugreen,Cable management clips set,300,20
Ergonomic Wrist Rest,WR001,Accessories,900,45,Fellowes,Memory foam wrist rest for keyboard,500,10
Filing Cabinet,FC001,Furniture,6500,7,GODREJ,3-drawer metal filing cabinet,4000,2
