Name,Email,Phone,Address,City,State,Country,Postal Code,Customer Type,Gender,Date of Birth
Arjun Sharma,arjun.sharma@email.com,9876543210,42 MG Road Apt 3,Bangalore,Karnataka,India,560001,Retail,Male,1990-04-15
Priya Patel,priya.patel@gmail.com,9845012345,15 Nehru Nagar,Ahmedabad,Gujarat,India,380015,Retail,Female,1988-09-22
Ravi Kumar,ravi.kumar@outlook.com,9912345678,8 Sector 18,Noida,Uttar Pradesh,India,201301,Wholesale,Male,1985-12-01
Sunita Verma,sunita.verma@yahoo.com,9823456789,101 Park Street,Kolkata,West Bengal,India,700016,Retail,Female,1992-07-18
Mohammed Ansari,m.ansari@business.com,9734567890,22 Residency Road,Hyderabad,Telangana,India,500001,Corporate,Male,1980-03-30
Deepika Nair,deepika.nair@email.com,9645678901,7 Anna Salai,Chennai,Tamil Nadu,India,600002,Retail,Female,1995-11-25
Vikram Singh,vikram.singh@gmail.com,9556789012,33 Civil Lines,Jaipur,Rajasthan,India,302006,Wholesale,Male,1983-06-14
Anita Gupta,anita.gupta@outlook.com,9467890123,55 Connaught Place,Delhi,Delhi,India,110001,Corporate,Female,1978-01-08
Karan Mehta,karan.mehta@email.com,9378901234,18 FC Road,Pune,Maharashtra,India,411004,Retail,Male,1998-03-20
Lakshmi Iyer,lakshmi.iyer@gmail.com,9289012345,9 Brigade Road,Bangalore,Karnataka,India,560025,Retail,Female,1991-08-05
Rajesh Gupta,rajesh.gupta@business.com,9190123456,77 SBI Colony,Mumbai,Maharashtra,India,400051,Wholesale,Male,1975-02-28
Meena Reddy,meena.reddy@yahoo.com,9801234567,45 Jubilee Hills,Hyderabad,Telangana,India,500033,Retail,Female,1993-10-12
Aditya Chopra,aditya.chopra@email.com,9712345678,12 Banjara Hills,Hyderabad,Telangana,India,500034,Corporate,Male,1987-05-17
Nisha Sharma,nisha.sharma@gmail.com,9623456789,88 Salt Lake,Kolkata,West Bengal,India,700064,Retail,Female,1996-12-30
Sachin Tiwari,sachin.tiwari@outlook.com,9534567890,3 Civil Lines,Allahabad,Uttar Pradesh,India,211001,Wholesale,Male,1982-07-22
Pooja Kapoor,pooja.kapoor@email.com,9445678901,66 Indiranagar,Bangalore,Karnataka,India,560038,Retail,Female,1994-04-09
Rohit Jain,rohit.jain@gmail.com,9356789012,21 Model Town,Ludhiana,Punjab,India,141001,Retail,Male,1989-09-03
Kavitha Menon,kavitha.menon@business.com,9267890123,14 Residency Area,Kochi,Kerala,India,682001,Corporate,Female,1984-01-16
Amit Srivastava,amit.srivastava@email.com,9178901234,50 Ashok Nagar,Bhopal,Madhya Pradesh,India,462016,Retail,Male,1997-06-28
Rashmi Patel,rashmi.patel@yahoo.com,9089012345,36 Navrangpura,Ahmedabad,Gujarat,India,380009,Retail,Female,1990-11-04
